,ad_id,location,price,title,room_count,project
0,1246062977,Cumhuriyet Mah.,"15,600,000 TL",SİNPAŞ QUEEN BÜYÜK TİP 1+1 KÖŞE VE HAVUZ CEPHE,1+1,SİNPAŞ
1,1242575426,Cumhuriyet Mah.,"16,720,000 TL","SİNPAŞ Qeenn Satılık Eşyalı Citizenship 1+1 By Rotana,Anthill",1+1,SİNPAŞ
2,1247505468,Cumhuriyet Mah.,"22,500,000 TL","SİNPAŞ QUEEN BOMONTİ'DE 2,5+1 EBEVEYN BANYOLU GİYİNME ODALI",2+1,SİNPAŞ
3,1146147707,Cumhuriyet Mah.,"24,000,000 TL",SİNPAŞ QUEEN BOMONTİ SATILIK YÜKSEK KAT 2+1 DAİRE (citizenship),2+1,SİNPAŞ
4,1241374490,Cumhuriyet Mah.,"7,800,000 TL",Bomonti Elysium Fantastic Rezidans BOŞ 1+1/ For Citizenship,1+1,Elysium Fantastic
5,1247457132,Cumhuriyet Mah.,"17,500,000 TL","Kelepir Şişli Sinpaş Queen Büyük Tip2+1 , 2E-Banyolu, Balkonlu",2+1,SİNPAŞ
6,1171808135,Cumhuriyet Mah.,"9,500,000 TL",ANTHILL RESIDENCE BOMONTİ FIRSAT 1+1 BALKON SATILIK DAİRE,1+1,Anthill
7,1152981295,Cumhuriyet Mah.,"11,500,000 TL",Şişli Bomonti'de Satılık Daire,3+1,
8,1232537369,Cumhuriyet Mah.,"12,950,000 TL",OFTON ELYSiUM FANTASTIC 'DE MİMARİ TASARIM DUBLEX DAİRE,1+1,Elysium Fantastic
9,1219499572,Cumhuriyet Mah.,"8,500,000 TL",Sinpaş Queen Bomonti'de Satılık Stüdyo Daire,Studio Flat (1+0),SİNPAŞ
10,1232759186,Cumhuriyet Mah.,"15,500,000 TL",ELYSIUM FANTASTIC RESIDENCE TERASLI,2+1,Elysium Fantastic
11,1235163668,Cumhuriyet Mah.,"8,700,000 TL",Bomonti Elysium Residence 1+1 Satılık Daire,1+1,Elysium Fantastic
12,1235556553,Cumhuriyet Mah.,"12,000,000 TL",ANTHİLL RESİDENCE BOMONTİ 1+1 YÜKSEK KAT BOŞ SATILIK DAİRE-ŞİŞLİ,1+1,Anthill
13,1169060066,Cumhuriyet Mah.,"6,600,000 TL",OSMANBEY METROSUNA ÇOK YAKIN RUMELİ CADDESİ ÜZERİ 1. KAT SATILIK,2+1,Normal Daire
14,1247264744,Cumhuriyet Mah.,"6,500,000 TL",Şişli Bomonti Anthill Karşısı Cadde Üzeri Yeni Binada 1.Kat 2+1,2+1,Anthill
15,1241240487,Cumhuriyet Mah.,"15,250,000 TL",SİNPAŞ QUEEN'DE YÜKSEK KAT SATILIK 1+1 FIRSAT DAİRE!! - BOMONTİ,1+1,SİNPAŞ
16,1247297735,Cumhuriyet Mah.,"24,000,000 TL",SİNPAŞ QUEEN BOMONTİ YÜKSEK KAT 120 M 2+1 DAİRE,2+1,SİNPAŞ
17,1234561218,Cumhuriyet Mah.,"15,350,000 TL",SİNPAŞ QUEEN EN BÜYÜK 1+1 KÖŞE KAPALI MUTFAK SIFIR !!,1+1,SİNPAŞ
18,1247251347,Cumhuriyet Mah.,"6,750,000 TL",ŞİŞLİ DE METROYA YÜRÜME MESAFESİNDE İYİ KONUMDA KİRACISIZ 3+1,3+1,
19,1205163835,Cumhuriyet Mah.,"17,000,000 TL",SİNPAŞ QUEEN BOMONTİ'DE BOĞAZ MANZARALI LOFT SATILIK DAİRE,1+1,SİNPAŞ
20,1226341604,Cumhuriyet Mah.,"15,000,000 TL",BOMONTİ ANTHİLL RESİDENCE 2+1 FIRSAT SATILIK DAİRE,2+1,Anthill
21,1244105740,Cumhuriyet Mah.,"14,500,000 TL",SİNPAŞ QUEEN BOMONTİ 2+1,2+1,SİNPAŞ
22,1247128554,Cumhuriyet Mah.,"14,000,000 TL",EN UYGUN BÜYÜK TİP 1+1 / SIFIR DAİRE (tek yetkili),1+1,
23,1211426838,Cumhuriyet Mah.,"16,000,000 TL",ŞİŞLİ BOMONTİ ANTHİLL 2+1 BOŞ VATANDAŞLIĞA UYGUN YÜKSEK KAT,2+1,Anthill
24,1000690912,Cumhuriyet Mah.,"2,950,000 TL",ŞİŞLİ CUMHURİYET MAHALLESİNDE 2+1 BAHÇELİ 95 m2 KAT MÜLKİYETLİ,2+1,Normal Daire
25,1240633586,Cumhuriyet Mah.,"26,250,000 TL",SİNPAŞ QUEEN BOMONTİ VATANDAŞLIĞA UYGUN 1+1 KÖŞE KAPALI MUTFAK,1+1,SİNPAŞ
26,1215910275,Cumhuriyet Mah.,"6,000,000 TL",Şişli satılık daire,Studio Flat (1+0),
27,1080775759,Cumhuriyet Mah.,"11,000,000 TL",MEGA CITY'DEN KAZIM ORBAY ELYSİUM KARŞISI KISMİ EŞYALI SATILIK,3+1,
28,1247064400,Cumhuriyet Mah.,"38,180,000 TL",Anthill Residence Lüx Eşyalı Satılık 3+1 Daire 33.Kat,3+1,Anthill
29,1231367226,Cumhuriyet Mah.,"38,500,000 TL",Sinpaş Queen Bomonti Deniz ve Boğaz Manzaralı 3.5+1 Boş Satılık,3.5+1,SİNPAŞ
30,1235131542,Cumhuriyet Mah.,"9,500,000 TL","Bomonti'nin en güzel sokağında a'dan z'ye sıfırlanmış, 2.kat 3+1",3+1,
31,1233951624,Cumhuriyet Mah.,"19,500,000 TL",C21 OPTİMUM'DAN ANTHILL RESIDENCE'TA GENİŞ SATILIK 2+1 DAİRE !!!,2+1,Anthill
32,1226346619,Cumhuriyet Mah.,"19,600,000 TL",DİVAN RESİDENCE BOMONTİ 1+1 BOĞAZ CEPHE FULL MANZARALI SATILIK,1+1,Divan
33,1229615488,Cumhuriyet Mah.,"8,750,000 TL",Remax'dan The House Rezidans' da Muhteşem Stüdyo 1+0,Studio Flat (1+0),
34,1227474058,Cumhuriyet Mah.,"12,400,000 TL",ANTHİLL RESİDENCE 1+1 BOŞ KÖŞE DAİRE-SİNPAŞ -DİVAN-ŞİŞLİ,1+1,SİNPAŞ
35,1246920186,Cumhuriyet Mah.,"14,950,000 TL",BadaGate'ten istanbul göbeğinde şişli de satılık 3+1 daire,3+1,
36,1221978198,Cumhuriyet Mah.,"8,750,000 TL",Osmanbey İzzetpaşa Sokak'ta Tamamen Yenilenmiş 3+1 Satılık Daire,3+1,Normal Daire
37,1192596617,Cumhuriyet Mah.,"15,000,000 TL",Sinpaş Queen Satılık Havuz Cephe Balkonlu 1+1 Daire BOŞ,1+1,SİNPAŞ
38,1235269891,Cumhuriyet Mah.,"9,990,000 TL","DİVAN 1+1 FIRSAT EN İYİ FİYAT,,BOŞ DAİRE-BOMONTİ",1+1,Divan
39,1234852279,Cumhuriyet Mah.,"10,975,000 TL",BERRAK DENİZ ŞİŞLİ ÖZEL TASARIM 2+1 CADDE ÜSTÜ DAİRE BOŞ TESLİM,2+1,
40,1217577754,Cumhuriyet Mah.,"14,500,000 TL",Anthill Residence Fully Furnished Large 2+1 with 2 Bathrooms,2+1,Anthill
41,1164815577,Cumhuriyet Mah.,"18,500,000 TL",Sinpaş Queen Bomonti'de Adalar Manzaralı Büyük 2+1 Satılık,2+1,SİNPAŞ
42,1169710909,Cumhuriyet Mah.,"13,600,000 TL",Sinpaş Queen Bomonti'de Satılık 1+1 Balkonlu Daire,1+1,SİNPAŞ
43,1226403376,Cumhuriyet Mah.,"12,000,000 TL",BOMONTİ ANTİLL RESİDENCE 1+1 FIRSAT DAİRE,1+1,Anthill
44,1247155788,Cumhuriyet Mah.,"16,100,000 TL",ANTHILL RESİDENCE'TA SAHİBİNDEN SATILIK DAİRE,2+1,Anthill
45,1210656006,Cumhuriyet Mah.,"20,500,000 TL",PROPERTY TURKEY'DEN SİNPAŞ QUEEN BOMONTİ DE EŞYALI 2+1,2+1,SİNPAŞ
46,1234574911,Cumhuriyet Mah.,"7,700,000 TL",Sinpaş Queen Bomonti 1+0 Boş Satılık Daire - Anthill - Divan,Studio Flat (1+0),SİNPAŞ
47,1246747831,Cumhuriyet Mah.,"11,990,000 TL",SİNPAŞ QUEEN BOMONTİ 1+1 FULL EŞYALI HIGH FLOOR SATILIK,1+1,SİNPAŞ
48,1171956178,Cumhuriyet Mah.,"6,500,000 TL",ANTHİLL RESİDENCE KARŞISINDA SIFIR BİNADA 2+1 SATILIK DAİRE,2+1,Anthill
49,1246721870,Cumhuriyet Mah.,"16,000,000 TL",ANTHİLL RESIDENCE'TA SAHİBİNDEN SATILIK 2+1 REZİDANS,2+1,Anthill
0,1235272050,Cumhuriyet Mah.,"8,820,000 TL",THE HOUSE RESİDENCE FIRSAT DAİRE-BOMONTİ MERKEZDE,Studio Flat (1+0),
1,1246664036,Cumhuriyet Mah.,"8,750,000 TL",Sahibinden Satılık 2+1 130m2 Temiz- Güçlendirmeli,2+1,
2,1209330430,Cumhuriyet Mah.,"3,500,000 TL",BOMONTİADA VE RESIDENCES'LARA KOMŞU FIRSAT SATILIK DAİRE,1+1,
3,1235353847,Cumhuriyet Mah.,"15,600,000 TL",Satılık Köşe Kapalı Mutfak,1+1,
4,1219289273,Cumhuriyet Mah.,"8,250,000 TL",ŞİŞLİ MERKEZDE SATILIK 3.5+1,3.5+1,
5,1224902121,Cumhuriyet Mah.,"15,500,000 TL",SİNPAŞ QUEEN BOMONTİ SATILIK KÖŞE BALKONLU 2+1 DAİRE,2+1,SİNPAŞ
6,1015229674,Cumhuriyet Mah.,"30,600,000 TL",DİVAN RESIDENCE BOMONTİ'DE HALİÇ MANZARALI SATILIK 2+1 DAİRE,2+1,Divan
7,981787136,Cumhuriyet Mah.,"12,000,000 TL",ANTHILLL RESİDENCE YÜKSEK KATTA ŞEHİR MANZARALI,1+1,Anthill
8,1246550873,Cumhuriyet Mah.,"8,900,000 TL",CADDEDEN BOMONTİ' DE 3+1 SIFIR SATILIK DAİRE,3+1,
9,1246541430,Cumhuriyet Mah.,"16,950,000 TL",Высокий престиж - ANTHILL 2+1 حق شهروندی TEK YETKİLİDEN Boş,2+1,Anthill
10,1228925414,Cumhuriyet Mah.,"18,000,000 TL","SİNPAŞ QUEEN'DE 2+1 YAŞAMAYA HAZIR LÜKS,ÖZEL, BALKONLU DAİRE",2+1,SİNPAŞ
11,1226132091,Cumhuriyet Mah.,"8,000,000 TL",SİNPAŞ QUEEN BOMONTİ SATILIK EŞYALI FIRSAT BOŞ STÜDYO DAİRE,Studio Flat (1+0),SİNPAŞ
12,1240878169,Cumhuriyet Mah.,"18,500,000 TL",BOMONTİ SİNPAŞ QUEEN 1+1 VATANDAŞLIĞA UYGUN YÜKSEK KAT BOŞ-ŞİŞLİ,1+1,SİNPAŞ
13,1227957811,Cumhuriyet Mah.,"19,990,000 TL",SİNPAŞ QUEEN BOMONTİ TOWERDA EŞSİZ KÖŞE 2+1 SATILIK DAİRE,2+1,SİNPAŞ
14,1246740205,Cumhuriyet Mah.,"21,300,000 TL",SİNPAŞ QUEEN BÜYÜK TIP 2+1 DAİRE (tek yetkili),2+1,SİNPAŞ
15,1105215752,Cumhuriyet Mah.,"8,100,000 TL",Bomonti Elysium art Rezidans dairemiz 9. Kattadır,1+1,Elysium Fantastic
16,1206280036,Cumhuriyet Mah.,"19,000,000 TL",SİNPAŞ QUEEN 1+1 YÜKSEK KAT EŞYALI SATILIK DAİRE,1+1,SİNPAŞ
17,1167031275,Cumhuriyet Mah.,"10,050,000 TL",ŞİŞLİ BOMONTİ ANTHILL RESIDENCE FULL EŞYALI SATILIK 1+1 DAİRE,1+1,Anthill
18,1246454607,Cumhuriyet Mah.,"12,000,000 TL",Bomonti Anthill Residence 1+1|99m2|Teraslı |16.kat|BüyükTip,1+1,Anthill
19,1235487726,Cumhuriyet Mah.,"37,000,000 TL",Sinpaş Queen 2+1 Özel Tip Kapalı Mutfak,2+1,SİNPAŞ
20,1145830254,Cumhuriyet Mah.,"7,000,000 TL",şişlide yeni binada bahçeli sıfır daire,2+1,
21,1085522231,Cumhuriyet Mah.,"7,200,000 TL",Öğer Residence'da Yüksek Kira Getirili Eşyalı Satılık Stüdyo,Studio Flat (1+0),
22,1246327370,Cumhuriyet Mah.,"15,800,000 TL",ŞIŞLI BOMONTI ANTHILL'DE SATILIK BÜYÜK TIP 2 + 1 DAIRE,2+1,Anthill
23,1238812156,Cumhuriyet Mah.,"16,000,000 TL","Şişli de Anthill Residence da BÜYÜK TİP , 2+1 ,Köşe Daire",2+1,Anthill
24,1089964967,Cumhuriyet Mah.,"11,500,000 TL",SİNPAŞ QUEEN BOMONTİ İSTANBUL'DA BOŞ SATILIK FIRSAT 1+1 DAİRE,1+1,SİNPAŞ
25,846855143,Cumhuriyet Mah.,"13,500,000 TL",Available Konut 30 & Above Sahibinden Bu Fiyata Yok! 1+1 Merkeze 5 dk Uzaklıkta,1+1,
26,1228586998,Cumhuriyet Mah.,"5,000,000 TL",ŞİŞLİ CUMHURİYETTE BAHÇELİ GENİŞ 3+1 SATILIK DAİRE,3+1,Normal Daire
27,1246708701,Cumhuriyet Mah.,"8,400,000 TL",SİNPAŞ QUEEN SIFIR 1+0 DENİZ MANZARALI,Studio Flat (1+0),SİNPAŞ
28,1236555145,Cumhuriyet Mah.,"5,700,000 TL",Şişli Merkezde Ana Cadde Üzerinde Satılık 1+1 Daire,1+1,
29,1243203976,Cumhuriyet Mah.,"12,000,000 TL",BOMONTİ ANTHILL RESİDENCE BÜYÜK TİP SATILIK 1+1,1+1,Anthill
30,1246203547,Cumhuriyet Mah.,"14,950,000 TL","Şişli Bomonti Satılık 3+1 | Asansörlü, Ferah, Modern Daire",3+1,
31,1222007833,Cumhuriyet Mah.,"13,000,000 TL",ŞİŞLİ SİNPAŞ QUEEN SATILIK 1+1 DAİRE SIFIR 24.KATTA BOŞ*********,1+1,SİNPAŞ
32,1149555060,Cumhuriyet Mah.,"6,500,000 TL",Bomonti Öğer Residence'da Otoparklı Satılık Stüdyo Daire,Studio Flat (1+0),
33,1228745785,Cumhuriyet Mah.,"5,230,000 TL",ŞİŞLİ BOMONTİ CUMHURİYET MAH.EŞYALI SATILIK 1+1 SATILIK DAİRE,1+1,
34,1079607292,Cumhuriyet Mah.,"19,500,000 TL",ANTHİLL RESIDENCE YÜKSEK KATTA ŞEHİR VE HALİÇ MANZARALI,2+1,Anthill
35,1243501179,Cumhuriyet Mah.,"45,000,000 TL",PROJEOFİSİNDEN ŞİŞLİ BOMONTİ OFTON ELYSİUM FANTASTİC TERASLI BOŞ,4+1,Ofton
36,1246551478,Cumhuriyet Mah.,"15,150,000 TL",Anthill'de Acil Satılık Şerefiyeli 2+1,2+1,Anthill
37,1241066760,Cumhuriyet Mah.,"14,350,000 TL",SİNPAŞ QUEEN BOMONTİ 1+1 BOŞ HALİÇ CEPHE FIRSAT SATILIK- ANTHİLL,1+1,SİNPAŞ
38,1242988598,Cumhuriyet Mah.,"29,900,000 TL",SİNPAŞ QUEEN BOMONTİ DE EŞSİZ 2+1 SATILIK -FOR SALE- CİTİZENSHİP,2+1,SİNPAŞ
39,1140400120,Cumhuriyet Mah.,"14,000,000 TL",Sinpaş Queen Bomonti En Büyük 1+1 Kapalı Mutfak Köşe Satılık,1+1,SİNPAŞ
40,1239912883,Cumhuriyet Mah.,"16,000,000 TL","Anthill Residence da Eşyalı, Balkonlu, 2+1 Lüks Daire",2+1,Anthill
41,1205998433,Cumhuriyet Mah.,"13,500,000 TL",Anthill Residence Manzaralı 2+1,2+1,Anthill
42,891049095,Cumhuriyet Mah.,"15,000,000 TL",ANTHILL RESİDENCETA EBEVEYN BANYOLU ADA MUTFAKLI,2+1,Anthill
43,1235274569,Cumhuriyet Mah.,"9,900,000 TL",Anthill Satılık 1+1 Bomonti,1+1,Anthill
44,1245828315,Cumhuriyet Mah.,"15,000,000 TL",Queen sinpas esyali kiracisiz buyuk tip 1+1,1+1,SİNPAŞ
45,1208101780,Cumhuriyet Mah.,"13,950,000 TL",Divan Residence Bomonti'de Boğaz Manzaralı Oturuma Hazır 1+1,1+1,Divan
46,1245421775,Cumhuriyet Mah.,"12,950,000 TL",SİNPAŞ QUEEN BOMONTİ 1+1 BOŞ HALİÇ CEPHE SATILIK DAİRE,1+1,SİNPAŞ
47,1246243175,Cumhuriyet Mah.,"19,000,000 TL",C21 OPTİMUMDAN ATHILL RESİDANCE TA EN BÜYÜK 2+1 BAKIMLI EKSTRA,2+1,
48,1246022266,Cumhuriyet Mah.,"10,850,000 TL",ŞİŞLİ SİNPAŞ QUEEN SATILIK 1+0 DAİRE SIFIR 38.KATTA BOŞ*********,Studio Flat (1+0),SİNPAŞ
49,1221982374,Cumhuriyet Mah.,"18,300,000 TL",CITYSIDE'DAN EXTENSA MODERNPALAS BOMONTİ'DE 2+1 DAİRE,2+1,
50,1080386501,Cumhuriyet Mah.,"13,000,000 TL",Şişli - Bomonti Anthill Residence 102m2 2+1 SATILIK,2+1,Anthill
0,1246355312,Cumhuriyet Mah.,"14,600,000 TL",SİNPAŞ QUEEN EN UYGUN 2+1 DAİRESİ (tek yetkili),2+1,SİNPAŞ
1,1205572818,Cumhuriyet Mah.,"9,500,000 TL","ŞİŞLİ BOMONTİ ANTHILL RESIDENCE MANZARALI 1+1 ""GÜNCEL""",1+1,Anthill
2,1228436587,Cumhuriyet Mah.,"8,280,000 TL","SİNPAŞ QUEEN ""BOŞ"" FIRSAT DAİRE-BOMONTİ",Studio Flat (1+0),SİNPAŞ
3,1243498944,Cumhuriyet Mah.,"12,000,000 TL",BOMONTİ DİVAN RESİDENCE SATILIK 1+1 FIRSAT DAİRE,1+1,Divan
4,1239549746,Cumhuriyet Mah.,"24,000,000 TL",ANTHİLL RESİDENCE 2+1 BÜYÜK TİP ŞEREFİYESİ YÜKSEK SATILIK DAİRE,2+1,Anthill
5,1242678458,Cumhuriyet Mah.,"12,900,000 TL",SİNPAŞ QUEEN BOMONTİ 1+1 SATILIK,1+1,SİNPAŞ
6,1140434678,Cumhuriyet Mah.,"37,000,000 TL",Sinpaş Queen Bomonti Penthouse Orjinal Köşe 2+1 Satılık,2+1,SİNPAŞ
7,1226406970,Cumhuriyet Mah.,"13,000,000 TL",SİNPAŞ QUEEN CENTRAL PARK 1+1 SATILIK FIRSAT DAİRE,1+1,SİNPAŞ
8,1216844991,Cumhuriyet Mah.,"9,999,999 TL",SINPAŞ QUEEN SATILIK MÜHTEŞEM 1+0 BOŞ /EŞYALI /DENİZ MANZARA,Studio Flat (1+0),SİNPAŞ
9,1239601548,Cumhuriyet Mah.,"16,500,000 TL",ANTHİLL RESİDENCE 1+1 BÜYÜK TİP ŞEREFİYESİ YÜKSEK SATILIK DAİRE,1+1,Anthill
10,1173866584,Cumhuriyet Mah.,"14,000,000 TL",ŞİŞLİ HALASKARGAZİ CAD. ÜZERİNDE LOTUSNİŞANTAŞI AVMKARŞISI135M2,3+1,
11,1245469061,Cumhuriyet Mah.,"15,750,000 TL","BOMONTİ'DE,BOŞ,YENİ BİNA,KIŞ BAHÇELİ,2 WC,UFKU AÇIK 2+1 DUBLEKS",2+1,Normal Daire
12,1157914591,Cumhuriyet Mah.,"59,000,000 TL",DİVAN BOMONTİ RESİDENCE BOĞAZ MANZARALI 3+1 FULL MOBİLYALI DAİRE,3+1,Divan
13,1245449898,Cumhuriyet Mah.,"17,250,000 TL",PAY/ Sinpaş Queen Bomonti 1+1 Villa Konforunda Bahçe Katı,1+1,SİNPAŞ
14,1242414080,Cumhuriyet Mah.,"18,500,000 TL",2+1 ANTHILL RESIDANCE BUYUK TİP DAİRE,2+1,Anthill
15,1196903411,Cumhuriyet Mah.,"6,500,000 TL",ŞİŞLİ SİLAHŞÖR CADDESİNDE 85M2 2.KAT DAİRE,2+1,
16,1218151508,Cumhuriyet Mah.,"12,000,000 TL",Seçil den Şişli Bomonti Anthill Residence Boş Satılık 1+1 Daire,1+1,Anthill
17,1227309005,Cumhuriyet Mah.,"16,950,000 TL",ŞİŞLİ ANTHİLL RESİDENCE YÜKSEK KAT 2 +1 SATILIK DAiRE,2+1,Anthill
18,1238370955,Cumhuriyet Mah.,"27,500,000 TL",BERRAKDENİZ SİNPAŞQUEENBOMONTİ 2+1 140M2 CITIZENSHIPDEED TERASLI,2+1,SİNPAŞ
19,1188329814,Cumhuriyet Mah.,"5,250,000 TL",Şişli Bomonti Arpa Suyu Sokak Asansörlü 2+1 Satılık Daire,2+1,
20,1226353100,Cumhuriyet Mah.,"12,800,000 TL",SİNPAŞ QUEEN CENTRAL PARK 1+1 SATILIK DAİRE,1+1,SİNPAŞ
21,1240651721,Cumhuriyet Mah.,"6,650,000 TL",Şişli Motivaada'da Satılık 1+1 Daire,1+1,
22,1213295536,Cumhuriyet Mah.,"7,000,000 TL",Bomonti'de İçi Yenilenmiş 3+1 Satılık Daire,3+1,
23,1234487327,Cumhuriyet Mah.,"13,900,000 TL",BOMONTİ SİNPAŞ QUEEN 1+1 KAPALI MUTFAK BOŞ SATILIK FIRSAT -ŞİŞLİ,1+1,SİNPAŞ
24,1230029364,Cumhuriyet Mah.,"18,500,000 TL",2+1 Sinpaş Queen Bomonti For Sale - للبيع - Satilik,2+1,SİNPAŞ
25,1240351954,Cumhuriyet Mah.,"15,950,000 TL",Sinpaş Queen Köşe Kapalı Mutfak,1+1,SİNPAŞ
26,1246010591,Cumhuriyet Mah.,"8,850,000 TL","SİNPAŞ QUEEN ''BOŞ'' FIRSAT DAİRE,BOMONTİ",Studio Flat (1+0),SİNPAŞ
27,1239028771,Cumhuriyet Mah.,"19,750,000 TL",SİNPAŞ QUEEN DE BOĞAZ MANZARALI KÖŞE CEPHELİ VATANDAŞLIĞA UYGUN,2+1,SİNPAŞ
28,1164072484,Cumhuriyet Mah.,"11,000,000 TL",ŞİŞLİ BOMONTİ ANTHILL RESIDENCE SATILIK 1+1 DAİRE,1+1,Anthill
29,1238371339,Cumhuriyet Mah.,"20,750,000 TL",BERRAK DENİZ SİNPAŞQUEEN BOMONTİ 1+1 CITIZENSHIP DEED FLOOR 41,1+1,SİNPAŞ
30,1230644037,Cumhuriyet Mah.,"12,060,000 TL",SİNPAS QUEEN'DE 1+1 SATILIK BOŞ DAİRE,1+1,SİNPAŞ
31,1238786275,Cumhuriyet Mah.,"26,700,000 TL",BOMONTİ EXTENSA MODERN PALAS YÜKSEK TAVANLI SATILIK PENTHOUSE,2+1,
32,1207979825,Cumhuriyet Mah.,"10,900,000 TL",BOMONTİ ANTHİLL RESİDENCE 1+1 FIRSAT DAİRE,1+1,Anthill
33,1215312863,Cumhuriyet Mah.,"12,500,000 TL",Anthill Residence'ta şık peyzaj manzaralı 2+1 daire,2+1,Anthill
34,1245082711,Cumhuriyet Mah.,"16,000,000 TL",BOMONTİ ANTHİLL VATANDAŞLIĞA UYGUN SATILIK 1+1 DAİRE,1+1,Anthill
35,1240380300,Cumhuriyet Mah.,"9,900,000 TL",ANTHİLL RESİDENCE BOMONTİ 1+1 BOŞ SATILIK - ŞİŞLİ,1+1,Anthill
36,1227915075,Cumhuriyet Mah.,"6,600,000 TL",Estateland - Anthill Residence'ın Karşısında 3. Kat 2+1 Satılık,2+1,Anthill
37,1220531402,Cumhuriyet Mah.,"18,950,000 TL",ŞİŞLİ SİNPAŞ QUEEN'DE SATILIK EŞYALI 1+1 DAİRE,1+1,SİNPAŞ
38,1238374038,Cumhuriyet Mah.,"38,000,000 TL","BERRAKDENİZ SİNPAŞ QUEEN 3,5+1 CLOSED KITCHEN 210 M2",3.5+1,SİNPAŞ
39,1226751159,Cumhuriyet Mah.,"12,000,000 TL",Bomonti Elysium Residence Satılık 1+1 Bakımlı Eşyalı Daire,1+1,Elysium Fantastic
40,1241988575,Cumhuriyet Mah.,"9,750,000 TL",BOMONTİ ANTHİLL'DE HALİÇ MANZARALI 1+1 SATILIK DAİRE,1+1,Anthill
41,1244963033,Cumhuriyet Mah.,"11,250,000 TL",Bomonti Anthill Residence 31. Katta 1+1 88 M2 Satılık Daire,1+1,Anthill
42,1223647917,Cumhuriyet Mah.,"12,000,000 TL","ANTHİLL 1+1,KİRACISIZ ,YÜKSEK KAT FIRSAT DAİRE-SİNPAŞ YANI-",1+1,SİNPAŞ
43,1233286270,Cumhuriyet Mah.,"9,795,000 TL",BOMONTİ ANTHİLL REZİDANS'DA SATILIK 90 M2 1+1 BOŞ DAİRE,1+1,Anthill
44,1207975193,Cumhuriyet Mah.,"11,000,000 TL",BOMONTİ ANTHİLL RESİDENCE 1+1 YÜKSEK KAT SATILIK FIRSAT,1+1,Anthill
45,1245866968,Cumhuriyet Mah.,"17,500,000 TL",SİNPAŞ QUEEN EN UYGUN BÜYÜK TİP 2+1,2+1,SİNPAŞ
46,1161280615,Cumhuriyet Mah.,"9,700,000 TL",MOTİVADA YATIRIMLIK LÜKS RESİDANCE 1+1 DAİRE,1+1,Normal Daire
47,1240179151,Cumhuriyet Mah.,"21,000,000 TL",Sinpaş Queen Bomonti Vatandaşlığa Uygun Köşe 1+1 Satılık,1+1,SİNPAŞ
48,1227079935,Cumhuriyet Mah.,"11,500,000 TL",BOMONTİ ANTHİLL REZİDANS 1+1 BOŞ SATILIK DAİRE ARS PREMİUM,1+1,Anthill
49,1230094166,Cumhuriyet Mah.,"8,400,000 TL",Şişli Sinpaş QUEEN 1+0 (Sıfır) BOŞ Şehir Manz. Yüksek K. Satılık,Studio Flat (1+0),SİNPAŞ
0,1238734535,Cumhuriyet Mah.,"13,700,000 TL",ZET | Sinpaş Queen 1+1 K.Mutfak Geniş Köşe Teraslı (Sıfır) BOŞ,1+1,SİNPAŞ
1,1220526541,Cumhuriyet Mah.,"17,650,000 TL",ŞİŞLİ SİNPAŞ QUEEN'DE SATILIK 1+1 DAİRE,1+1,SİNPAŞ
2,1238213551,Cumhuriyet Mah.,"15,800,000 TL",ANT HİLL BÜYÜK TİP 2+1 HAVUZ CEPHE DAİRE...,2+1,
3,1232900049,Cumhuriyet Mah.,"8,900,000 TL",BOMONTİ MODERN PALAS SATILIK 1+1 DAİRE (BOŞ),1+1,
4,1046123156,Cumhuriyet Mah.,"3,200,000 TL",ŞİŞLİ CUMHURİYET MAH.OSMANBEYE PARALEL SIFIR TADİLATLI LÜX DAİRE,1+1,Normal Daire
5,1244954670,Cumhuriyet Mah.,"11,250,000 TL",Bomonti Anthill Residence 27. Katta 1+1 88 M2 Satılık Daire,1+1,Anthill
6,1231788677,Cumhuriyet Mah.,"7,300,000 TL",Bomonti de sahibinden satılık temiz daire,2+1,
7,1233163660,Cumhuriyet Mah.,"17,500,000 TL",ANTHILL RESIDENCE'TA VAT UYGUN HEMEN TAŞININ BÜYÜK 2+1 DAİRE,2+1,Anthill
8,1244564508,Cumhuriyet Mah.,"8,250,000 TL",ASTANA'dan ŞİŞLİ BOMONTİ YENİ BİNA 3.5+1 DUBLEX DAİRE,3.5+1,
9,1243478845,Cumhuriyet Mah.,"20,000,000 TL",SİNPAŞ QUEEN CENTRAL PARK 1+1 AÇIK MUTFAK KÖŞE DAİRE,1+1,SİNPAŞ
10,1213511538,Cumhuriyet Mah.,"26,469,000 TL",SİNPAŞ QUEEN BOMONTİ GİYİNME ODALI EBEVEYN BANYOLU SATILIK DAİRE,2+1,SİNPAŞ
11,1230560997,Cumhuriyet Mah.,"46,440,000 TL",ELYSIUM FANTASTİC BOMONTİ'DE 4+1 PENTHOUSE ULTRA LÜKS DAİRE,4+1,Elysium Fantastic
12,1244657813,Cumhuriyet Mah.,"8,500,000 TL",Sahibinden Bomonti The House Residence 1+0 Büyük Balkonlu,Studio Flat (1+0),
13,1229009824,Cumhuriyet Mah.,"13,900,000 TL",ANTHİLL RESİDENCE BOMONTİ 2+1 SATILIK BOŞ DAİRE,2+1,Anthill
14,1232886666,Cumhuriyet Mah.,"7,850,000 TL",A-Z EMLAK'DAN PANGALTI SAINT MICHEL ARKASI SATILIK 3+1,3.5+1,
15,846821621,Cumhuriyet Mah.,"17,650,000 TL",Emsalsiz Konumda Sahibinden 1+1 30 & Above Lüx Rezidans Available,1+1,
16,1118820975,Cumhuriyet Mah.,"13,990,000 TL",DİVAN RESIDENCE SATILIK BOĞAZ MANZARALI BOŞ DAİRE 1+1,1+1,Divan
17,1113432689,Cumhuriyet Mah.,"15,500,000 TL",Sinpaş Queen Residance Bomonti Satılık 1+1 Vatandaşlığa Uygun,1+1,SİNPAŞ
18,1226501843,Cumhuriyet Mah.,"39,500,000 TL",3.5+1 Queen Bomonti - For Sale - للبيع - Satilik,3.5+1,SİNPAŞ
19,1244591217,Cumhuriyet Mah.,"19,500,000 TL",Anthill'de Sahibinden 2+1 Özel Dekorasyonlu Yeni Fırsat Daire,2+1,Anthill
20,1238387484,Cumhuriyet Mah.,"20,250,000 TL",BOMONTİ ANTHİLL 2+1 BAHÇEKATI SATILIK,2+1,Anthill
21,1227889785,Cumhuriyet Mah.,"10,125,000 TL",DİVAN YÜKSEK KİRA GETİRİLİ GÜNCEL FIRSAT DAİRE-BOMONTİ,1+1,Divan
22,1173539613,Cumhuriyet Mah.,"9,000,000 TL",BOMONTİ OFTON ELYSIUM FANTASTIC RESİDENCE'DE 1+1,1+1,Elysium Fantastic
23,1245365376,Cumhuriyet Mah.,"56,000,000 TL",Bomonti Divan Residence Boş 3+1 Satilik daire alternatifleriyle,3+1,Divan
24,1239244864,Cumhuriyet Mah.,"14,000,000 TL",Sinpaş Queen Kapalı Mutfak Balkon Geniş 1+1 Rotana Divan Anthill,1+1,SİNPAŞ
25,1244515556,Cumhuriyet Mah.,"19,150,000 TL",SİNPAŞ QUEEN BOMONTİ'de 140m2 2+1 BÜYÜK TİP BOŞ EŞYALI SATILIK,2+1,SİNPAŞ
26,1244490026,Cumhuriyet Mah.,"9,750,000 TL",BOMONTİ'DE SOSYAL YAŞAMIN MERKEZİNDE YENİ BİNADA SATILIK BOŞ 2+1,2+1,
27,1214572739,Cumhuriyet Mah.,"17,750,000 TL",Atlas'dan Sinpaş Queen Bomonti'de Taşınmaya Hazır Çok Şık 2+1,2+1,SİNPAŞ
28,1244945645,Cumhuriyet Mah.,"11,250,000 TL",Bomonti Anthill Residence 26. Katta 1+1 88 M2 Satılık Daire,1+1,Anthill
29,1227424385,Cumhuriyet Mah.,"14,000,000 TL",BOMONTİ PLAZALAR KARŞISINDA SIFIR DUBLEKS MESKEN,3+2,
30,1244679389,Cumhuriyet Mah.,"9,750,000 TL",Kw Fores'den Şişli-Bomonti Anthill Residence Boş 1+1 SATILIK,1+1,Anthill
31,1228499845,Cumhuriyet Mah.,"7,000,000 TL",Bomonti Sıfır Binada Keyifli Bahçeli 2+1 Ferah,2+1,
32,1140396937,Cumhuriyet Mah.,"17,000,000 TL",Sinpaş Queen Bomonti'de Vatandaşlığa Uygun 1+1 Satılık,1+1,SİNPAŞ
33,1229011762,Cumhuriyet Mah.,"11,300,000 TL",ANTHİLL RESİDENCE BOMONTİ 1+1 SATILIK BOŞ DAİRE -ŞİŞLİ,1+1,Anthill
34,1189266498,Cumhuriyet Mah.,"22,750,000 TL",SİNPAŞ QUEEN REZİDANS BOMONTİ 34.KAT ÇOK AMAÇLI 1+1 EŞYALI,1+1,SİNPAŞ
35,1207564381,Cumhuriyet Mah.,"37,500,000 TL","SİNPAŞ QUEN BOMONTİ'DE LÜKS SATILIK 3,5+1 SATILIK RESİDANCE",3.5+1,SİNPAŞ
36,1197044905,Cumhuriyet Mah.,"15,600,000 TL",DİVAN RESİDANCE SATILIK 1+1 FULL BOĞAZ MANZARALI,1+1,Divan
37,1227191555,Cumhuriyet Mah.,"8,800,000 TL",BOMONTİ THE HOUSE RESIDENCE 1+0 BÜYÜK BALKONLU ÇOK ŞIK DAİRE,Studio Flat (1+0),
38,1244377216,Cumhuriyet Mah.,"19,000,000 TL",Sinpaş Queen'de Satılık 2+1 Büyük Tip BOŞ TAŞINMAYA HAZIR-Güncel,2+1,SİNPAŞ
39,1232886463,Cumhuriyet Mah.,"7,750,000 TL","ŞİŞLİ KAZIM ORBAY CAD. ÜZERİNDE BAHÇELİ,EŞYALI SATILIK 2+1 DAİRE",2+1,Normal Daire
40,1083892026,Cumhuriyet Mah.,"14,850,000 TL","SİNPAŞ 1+1,,KÖŞE 102 M2,TERASLI,BOŞ DAİRE,BOMONTİ",1+1,SİNPAŞ
41,1227437923,Cumhuriyet Mah.,"21,250,000 TL",BOMONTİ ANTHİLL 2+1 Köşe SATILIK,2+1,Anthill
42,1208491372,Cumhuriyet Mah.,"21,000,000 TL",SİNPAŞ QUEEN BOMONTİ REZİDANS 2+1,2+1,SİNPAŞ
43,1232903770,Cumhuriyet Mah.,"10,500,000 TL",BOMONTİ MODERN PALAS 1+1 79 M2 SATILIK KÖŞE DAİRE (BOŞ),1+1,
44,1205299752,Cumhuriyet Mah.,"19,500,000 TL",Anthill Rezidans da Manzaralı 2+1 Satılık Daire,2+1,Anthill
45,1237907436,Cumhuriyet Mah.,"17,475,000 TL",ŞİŞLİ ANTHİL RESİDANS 'ta 2+1 ÇİFT BANYO 2 BALKON SATILIK DAİRE,2+1,
46,949957395,Cumhuriyet Mah.,"10,980,000 TL",BOMONTİ DİVAN 1+1 FIRSAT DAİRE-SİNPAŞ-ANTHİLL,1+1,SİNPAŞ
47,1161095858,Cumhuriyet Mah.,"11,000,000 TL",Divan Bomonti Full Eşyalı 90 m2 Satılık 1+1 Satılık Daire,1+1,Divan
48,1231427176,Cumhuriyet Mah.,"14,600,000 TL",ANTHİLL SATILIK 2+1 FIRSAT DAİRE,2+1,Anthill
49,1238045494,Cumhuriyet Mah.,"15,350,000 TL","ANTHİLL 2+1,,BOŞ,,V­ATANDAŞLIK UYGUN DAİRE-BOMONTİ-SİNPAŞ",2+1,SİNPAŞ
50,1120347850,Cumhuriyet Mah.,"15,400,000 TL",ANTHILL RESİDENCE A BLOKTA ADA MUTFAKLI HALİÇ MANZARALI,2+1,Anthill
0,1232871549,Cumhuriyet Mah.,"18,200,000 TL",EXTENSA BOMONTİ APARTMAN 137 M2 2+1 SATILIK DAİRE,2+1,
1,1232448122,Cumhuriyet Mah.,"23,300,000 TL",SİNPAŞ QUEEN BOMONTİ 2+1,2+1,SİNPAŞ
2,1239226967,Cumhuriyet Mah.,"14,925,000 TL",BOMONTİ DİVAN RESİDENCE DA 1+1 DENİZ MANZARALI DAİRE,1+1,Divan
3,1206823736,Cumhuriyet Mah.,"15,490,000 TL",Şişli Ant hill 2+1 2 banyolu 19. Kat satılık,2+1,
4,1243589867,Cumhuriyet Mah.,"17,350,000 TL",ANTHILL RESIDENCE 2+1 VATANDAŞLIĞA UYGUN,2+1,Anthill
5,1244448389,Cumhuriyet Mah.,"15,500,000 TL",Queen Bomonti boş büyük tip balkonlu 1+1,1+1,SİNPAŞ
6,1202033192,Cumhuriyet Mah.,"6,500,000 TL",Bomonti Sadık Şendil'de Satılık 3+1 - 105 M2 Ara Kat Daire,3+1,
7,1239531686,Cumhuriyet Mah.,"10,500,000 TL",DİVAN 1+1 YÜKSEK KAT MANZARALI FIRSAT DAİRE-BOMONTİ,1+1,Divan
8,951757649,Cumhuriyet Mah.,"10,500,000 TL",ANTHILL RESİDENCE 'DA YÜKSEK KATTA GENİŞ 1+1,1+1,Anthill
9,1146675259,Cumhuriyet Mah.,"15,500,000 TL","Şişli Sinpaş Queen Bomonti Köşe 1+1 By Rotana,Anthill,Divan",1+1,SİNPAŞ
10,1187066676,Cumhuriyet Mah.,"23,000,000 TL",OFTON - ELYSIUM FANTASTIC' DE MİMARİ TASARIMLI ÖZEL DUBLEX DAİRE,3+1,Elysium Fantastic
11,1226610596,Cumhuriyet Mah.,"18,750,000 TL",Fırsat Daire! Anthill Büyük Tip 2+1 Büyük Balkon Boş Durumda,2+1,Anthill
12,1224462199,Cumhuriyet Mah.,"40,000,000 TL",SİNPAŞ QUEEN 3+1 3 BANYO MANZARALI YÜKSEK KAT,3+1,SİNPAŞ
13,1239118492,Cumhuriyet Mah.,"8,300,000 TL",SİNPAS QUEEN BOMONTİ'DE 1+0 SATILIK BOŞ DAİRE,Studio Flat (1+0),SİNPAŞ
14,1233979148,Cumhuriyet Mah.,"13,700,000 TL",ZET | Sinpaş Queen 1+1 88m2 Yüksek K. | Şehir Manz. (Sıfır) BOŞ,1+1,SİNPAŞ
15,1178054129,Cumhuriyet Mah.,"16,000,000 TL",ANTHILL RESIDANCE VATANDAŞLIĞA UYGUN BÜYÜK TİP DAİRE,2+1,Anthill
16,1245196170,Cumhuriyet Mah.,"9,950,000 TL",ANTHILL RESIDENCE 1+1 SATILIK BAHÇE KATI,1+1,Anthill
17,1243981326,Cumhuriyet Mah.,"22,400,000 TL",SİNPAŞ QUEEN BÜYÜK TİP 2 + 1 YÜKSEK KAT BALKONLU SATILIK DAİRE,2+1,SİNPAŞ
18,1239140871,Cumhuriyet Mah.,"15,375,000 TL",SİNPAŞ QUEEN'DE 2+1 KÖŞE DAİRE,2+1,SİNPAŞ
19,1219982094,Cumhuriyet Mah.,"17,000,000 TL",SİNPAŞ QUEEN CENTRAL PARK 1+1 BOĞAZ CEPHE SATILIK FIRSAT,1+1,SİNPAŞ
20,1243437728,Cumhuriyet Mah.,"17,000,000 TL",ŞİŞLİ BOMONTİ ANTHİLL RESİDENCE 2+1 118 M2 16. KAT BOŞ SATILIK,2+1,Anthill
21,1243403413,Cumhuriyet Mah.,"13,000,000 TL",ŞİŞLİ SİNPAŞ QUEEN SATILIK 1+1 DAİRE SIFIR 24.KATTA BOŞ*********,1+1,SİNPAŞ
22,1122133999,Cumhuriyet Mah.,"8,650,000 TL","BOMONTİ ELYSİUM ART 1+1 FIRSAT DAİRE, BOMONTİ",1+1,
23,1190503779,Cumhuriyet Mah.,"9,350,000 TL",BOMONTİ FULL DEKORASYONLU SATILIK DAİRE FİYAT DÜŞTÜ !!!!,3+1,
24,1231827833,Cumhuriyet Mah.,"14,600,000 TL",ANTHİLL RESİDENCE SATILIK DAİRE,2+1,Anthill
25,1131806369,Cumhuriyet Mah.,"7,450,000 TL",ŞİŞLİ BOMONTİ MOTİVAADA REZİDANS'TA SATILIK 1+1 KÖŞE DAİRE,1+1,
26,1201579913,Cumhuriyet Mah.,"12,850,000 TL",ANTHILL RESIDENCE'TA BÜYÜK FIRSAT! 2+1 SATILIK DAİRE,2+1,Anthill
27,1213641438,Cumhuriyet Mah.,"12,890,000 TL","HER'O BROKER - BOMONTİ'DE SOSYAL VE KOZMOPOLİT YAŞAM, TEK YETKİ!",1+1,
28,1231053905,Cumhuriyet Mah.,"15,600,000 TL",BOMONTİ ANTHİLL RESİDENCE 2+1 BOŞ YÜKSEK KAT SATILIK DAİRE,2+1,Anthill
29,1226402722,Cumhuriyet Mah.,"15,000,000 TL",ANTHİLL RESİDENCE 2+1 SATILIK FIRSAT DAİRE,2+1,Anthill
30,1231426786,Cumhuriyet Mah.,"12,800,000 TL",ANTHİLL RESİDENCE 1+1 KÖŞE SATILIK FIRSAT DAİRE,1+1,Anthill
31,1219960133,Cumhuriyet Mah.,"10,500,000 TL",DİVAN BOMONTİ REZİDANSTA YÜKSEK KAT BOĞAZ MANZARALI 1+1BOŞ DAİRE,1+1,Divan
32,1229459085,Cumhuriyet Mah.,"18,500,000 TL",EKS GROUP SİNPAŞ QUEEN EN BÜYÜK M2 YÜKSEK KAT 2+1 SATILIK DAİRE,2+1,SİNPAŞ
33,1244632417,Cumhuriyet Mah.,"11,000,000 TL",Divan Residance Bomonti 1+1 Eşyalı Daire,1+1,Divan
34,1243197480,Cumhuriyet Mah.,"13,000,000 TL",ŞİŞLİ CUMHURİYET MAHALLESİ BİLGİÇ SOKAK YENİ 2+1 YÜKSEK GİRİŞ,2+1,
35,1212631729,Cumhuriyet Mah.,"12,900,000 TL",HER'O BROKER - SİNPAŞ QUEEN BOMONTİ KISA SÜREDE TAŞINMAYA HAZIR,1+1,SİNPAŞ
36,1215273514,Cumhuriyet Mah.,"14,500,000 TL",ANTHİLL YÜKSEK SATILIK BOŞ 2+1 YABANCIYA UYGUN,2+1,Anthill
37,1237216817,Cumhuriyet Mah.,"11,500,000 TL",Planetten Bomontide Kazım Orbayda 4.Kat Katta Tek Daire,3+1,
38,1065523554,Cumhuriyet Mah.,"13,900,000 TL",Anthill Residence Manzaralı Satılık 2+1 Daire Hesna YILMAZ,2+1,Anthill
39,1233120277,Cumhuriyet Mah.,"10,000,000 TL",ANTHİLL RESİDENCE BOMONTİ 1+1 SATILIK BOŞ FIRSAT- SİNPAŞ -DİVAN,1+1,SİNPAŞ
40,1155138904,Cumhuriyet Mah.,"12,040,000 TL",Queen Sinpaş Satılık 1+1 Balkonlu Daire Havuz Manzaralı,1+1,SİNPAŞ
41,1236914947,Cumhuriyet Mah.,"7,000,000 TL",IG1967'DEN ŞİŞLİ BOMONTİ'DE HARİKA KONUM MASRAFSIZ BALKONLU 3+1,3+1,
42,1230162951,Cumhuriyet Mah.,"16,000,000 TL",THE HOUSE RESİDENCE 1+1 GÜNCEL FIRSAT SATILIK DAİRE,1+1,
43,1233417309,Cumhuriyet Mah.,"32,000,000 TL","SİNPAŞ QUEEN 2,5+1 DENİZ MANZARALI SATILIK DAİRE",2.5+1,SİNPAŞ
44,1231477964,Cumhuriyet Mah.,"14,000,000 TL",ANTHILL RESIDENCE SATILIK LÜKS 1+1 DAİRE | PANORAMİK MANZARASI,1+1,Anthill
45,1216787481,Cumhuriyet Mah.,"11,500,000 TL",BOMONTİ ANTHİLL REZİDANS 1+1 SATILIK DAİRE,1+1,Anthill
46,1230611439,Cumhuriyet Mah.,"13,300,000 TL",HALİÇ VE DENİZ MANZARALI SIFIR (TEK YETKİLİ),1+1,
47,1215322374,Cumhuriyet Mah.,"14,500,000 TL",Anthill Residence for citizenship гражданство تابعیت المواطنة 国籍,1+1,Anthill
48,1159307704,Cumhuriyet Mah.,"32,000,000 TL",BOMONTİ DİVAN RESIDENCE SATILIK 2+1 EŞYALI DAİRE,2+1,Divan
49,1231060968,Cumhuriyet Mah.,"16,000,000 TL",BOMONTİ DİVAN RESIDENCE SATILIK EŞYALI ''BOŞ'' 1+1 DAİRE,1+1,Divan
0,1166512506,Cumhuriyet Mah.,"4,200,000 TL",ANTHİLL KARŞISINDA YENİ BİNADA 1+1 EŞYALI YÜKSEK KİRA GETİRİLİ,1+1,Anthill
1,1235515315,Cumhuriyet Mah.,"20,300,000 TL",THE HOUSE RESIDENCE 2+1 KAPALI MUTFAK GÜNCEL FIRSAT SATILIK,2+1,
2,1177376568,Cumhuriyet Mah.,"26,000,000 TL",BOMONTİ DİVAN RESİDENCE'DA 2+1 FULL MOBİLYALI SATILIK LÜKS DAİRE,2+1,Divan
3,1243160961,Cumhuriyet Mah.,"22,500,000 TL",SİNPAŞ QUEEN CENTRAL PARK HİÇ OTURULMAMIŞ EN BÜYÜK TİP 150M2 2+1,2+1,SİNPAŞ
4,1237126666,Cumhuriyet Mah.,"8,500,000 TL",Sinpaş Queen 1+0 Yüksek Kat Şehir Manzara Boş ( Sıfır ) Daire,Studio Flat (1+0),SİNPAŞ
5,1061236889,Cumhuriyet Mah.,"15,500,000 TL","SİNPAŞ QUEEN, SATILIK 1+1 YATIRIMLIK - ŞİŞLİ",1+1,SİNPAŞ
6,1243101351,Cumhuriyet Mah.,"12,750,000 TL",Bomonti Anthill Satılık Eşyalı Balkonlu Daire - Boş durumda,1+1,Anthill
7,1227822187,Cumhuriyet Mah.,"10,900,000 TL",KAZIM ORBAY CAD. ELYSİUM KARŞISI SATILIK ARA KAT,3+1,
8,1240558519,Cumhuriyet Mah.,"7,950,000 TL",Müstakil Tadında Bahçeli Daire,3+1,
9,1242617088,Cumhuriyet Mah.,"9,800,000 TL",SAHİBİNDEN 1+1 Anthill BOŞ Satılık Daire,1+1,Anthill
10,957721825,Cumhuriyet Mah.,"8,100,000 TL",ŞİŞLİ MERKEZDE 3+1 SATILIK BAHÇE KATI DAİRE,3+1,
11,1139900369,Cumhuriyet Mah.,"28,000,000 TL",QUEEN BOMONTİ YÜKSEK KAT KULLANILMAMIŞ 2+1 VAT. UYGUN,2+1,SİNPAŞ
12,1134153839,Cumhuriyet Mah.,"8,000,000 TL",ŞİŞLİ BOMONTİ ELYSIUM FANTASTIC'TE SATILIK 1+1 RESIDENCE,1+1,Elysium Fantastic
13,1215669837,Cumhuriyet Mah.,"17,000,000 TL","Şişli Sinpaş Queen Bomonti Citizenship By Rotana,Anthill,Divan",1+1,SİNPAŞ
14,1187226949,Cumhuriyet Mah.,"21,400,000 TL",Anthill Residence'de Net98m² Mükemmel Konumu ve Manzarasıyla 2+1,2+1,Anthill
15,1235020483,Cumhuriyet Mah.,"5,000,000 TL",ACİL SAHİBİNDEN ŞİŞLİ CUMHURİYET BAHÇELİ GENİŞ 3+1 SATILIK DAİRE,3+1,Normal Daire
16,1236949531,Cumhuriyet Mah.,"7,265,000 TL",SİNPAŞ QUEEN BOMONTİ YATIRIMLIK FIRSAT DAİRE,Studio Flat (1+0),SİNPAŞ
17,1208264701,Cumhuriyet Mah.,"14,000,000 TL",2+1 satılık boş daire Anthill residence bomonti,2+1,Anthill
18,1212793632,Cumhuriyet Mah.,"12,500,000 TL","HER'O BROKER - SİNPAŞ QUEEN BOMONTİ'YE HEMEN TAŞIN, ŞEHRİ YAŞA!",1+1,SİNPAŞ
19,1236702546,Cumhuriyet Mah.,"23,000,000 TL",SİNPAŞ QUEEN BOMONTİ SATILIK YÜKSEK KAT 2+1 REZİDANS,2+1,SİNPAŞ
20,1236632312,Cumhuriyet Mah.,"13,750,000 TL",ANTHILL RESIDENCE 2+1 SATILIK DAİRE,2+1,Anthill
21,1245298419,Cumhuriyet Mah.,"15,100,000 TL",SİNPAŞ QUEEN BOMONTİ 1+1 BOŞ HALİÇ CEPHE SATILIK DAİRE-DİVAN,1+1,SİNPAŞ
22,1226342495,Cumhuriyet Mah.,"14,300,000 TL",SİNPAŞ QUEEN CENTRAL PARK 1+1 FIRSAT BOŞ SATILIK DAİRE,1+1,SİNPAŞ
23,1226036313,Cumhuriyet Mah.,"11,300,000 TL",BOMONTİ ANTHİLL RESİDENCE 1+1 SATILIK BOŞ DAİRE,1+1,Anthill
24,1231791672,Cumhuriyet Mah.,"19,300,000 TL",BOMONTİ ANTHİLL RESİDENCE KÖŞE 2+1 FIRSAT DAİRE,2+1,Anthill
25,1152174190,Cumhuriyet Mah.,"15,000,000 TL",ANTHIL RESIDENCE 2+1 112 M2 SATILIK FIRSAT DAİRE,2+1,
26,1231817192,Cumhuriyet Mah.,"21,000,000 TL",SİNPAŞ QUEEN CENTRAL PARK 2+1 SATILIK DAİRE,2+1,SİNPAŞ
27,1045182459,Cumhuriyet Mah.,"14,500,000 TL",ANTHİLL RESİDENCE YÜKSEK KATTA 2+1 BALKONLU,2+1,Anthill
28,1224406696,Cumhuriyet Mah.,"71,500,000 TL",SAHİBİNDEN ELYSİUM FANTASTİC 4+1 TERAS İÇİ KIŞ BAHÇELİ,4+1,Normal Daire
29,1153539352,Cumhuriyet Mah.,"19,000,000 TL",ANTHILL RESIDENCE 2+1 2 BANYOLU SATILIK FIRSAT DAİRE,2+1,Anthill
30,1212802925,Cumhuriyet Mah.,"12,895,000 TL",HER'O BROKER - SİNPAŞ QUEEN BOMONTİ'DE NEW YORK STİLİ YAŞAM!,1+1,SİNPAŞ
31,1225010844,Cumhuriyet Mah.,"7,000,000 TL",SADIK ŞENDİL SOKAKTA 3+1 100 M2 SATILIK AYDINLIK DAİRE,3+1,
32,1092661109,Cumhuriyet Mah.,"8,150,000 TL",ÇINAR GAYRİMENKUL'DEN ANTHILL KARŞISI SIFIR BOŞ DUBLEKS DAİRE,3+1,Anthill
33,1242116869,Cumhuriyet Mah.,"12,000,000 TL",BOMONTİ ANTHİLL SATILIK 98M2 BÜYÜKTİP 16.KAT 1+1 DAİRE-NoterTah.,1+1,Anthill
34,1212629186,Cumhuriyet Mah.,"23,500,000 TL",Şişli Bomonti Anthill Köşe Balkon Büyük 2+1 121 m2 Satılık,2+1,Anthill
35,1151375840,Cumhuriyet Mah.,"14,500,000 TL",ŞİŞLİ ANTHİLL'DE GÜZEL KONUMDA 38 KAT 1+1 DAİRE,1+1,Anthill
36,1226338386,Cumhuriyet Mah.,"24,300,000 TL",BOMONTİ DİVAN RESİDENCE 2+1 FIRSAT DAİRE,2+1,Divan
37,1146514104,Cumhuriyet Mah.,"10,900,000 TL",BOMONTİ ANTHILL RESİDENCE 1+1 SATILIK FIRSAT DAİRE,1+1,Anthill
38,1194869789,Cumhuriyet Mah.,"17,000,000 TL",SİNPAŞ QUEEN CENTRAL PARK 2+1 FIRSAT SATILIK DAİRE,2+1,SİNPAŞ
39,1207964964,Cumhuriyet Mah.,"15,400,000 TL",SİNPAŞ QUEEN CENTRAL PARK 2+1 SATILIK DAİRE,1+1,SİNPAŞ
40,1144298110,Cumhuriyet Mah.,"17,500,000 TL","Sinpaş Queen Bomonti Vatandaşlığa Uygun By Rotana,Divan,Anthill",1+1,SİNPAŞ
41,1236788107,Cumhuriyet Mah.,"4,975,000 TL",FİYAT DÜŞTÜ ŞİŞLİ SADIKŞENDİL SOKAKTA 3+1 KATMÜLKİYETLİ SATILIK,3+1,
42,1222210356,Cumhuriyet Mah.,"16,000,000 TL",Anthill de büyük 2+1,2+1,Anthill
43,1140428484,Cumhuriyet Mah.,"17,500,000 TL",Sinpaş Queen Bomonti'de Şehir Manzaralı Fırsat 2+1 Satılık,2+1,SİNPAŞ
44,1075585119,Cumhuriyet Mah.,"10,950,000 TL",Anthill Residence1+1 yüksek kat balkonlu güncel tek yetkili,1+1,Anthill
45,1177367685,Cumhuriyet Mah.,"18,000,000 TL",BOMONTİ DİVAN RESİDENCE 1+1 BOĞAZ MANZARALI SATILIK DAİRE,1+1,Divan
46,1162550869,Cumhuriyet Mah.,"3,500,000 TL",ŞİŞLİ'DE SATILIK 2+1 YATIRIMLIK DAİRE,2+1,Normal Daire
47,1186732676,Cumhuriyet Mah.,"14,750,000 TL",Anthill Residence 28.Kat Projenin En İyi Manzaralı 1+1 Dairesi,1+1,Anthill
48,1087469041,Cumhuriyet Mah.,"8,875,000 TL","THE HOUSE RESİDENCE FIRSAT STÜDYO DAİRE, SİNPAŞ YANI,BOMONTİ",Studio Flat (1+0),SİNPAŞ
49,1236973130,Cumhuriyet Mah.,"14,000,000 TL",SİNPAŞ QUEEN 1+1 Yüksek K. Köşe Kapalı Mutfak Teraslı BOŞ Sıfır,1+1,SİNPAŞ
0,1244617979,Cumhuriyet Mah.,"12,000,000 TL",Divan Residence Satılık 1+1 Boş,1+1,Divan
1,1223255930,Cumhuriyet Mah.,"7,000,000 TL",şişli Bomonti'de asos'tan satılık fırsat daire,2+1,
2,1244599472,Cumhuriyet Mah.,"9,800,000 TL","Satılık 1+1 Boş Anthill , Divan , Sinpaş",1+1,Anthill
3,1243013859,Cumhuriyet Mah.,"8,500,000 TL",ELYSIUM RESIDENCE BOMONTİ SATILIK 1+1 DAİRE,1+1,Elysium Fantastic
4,1230943349,Cumhuriyet Mah.,"13,750,000 TL",Şişli SİNPAŞ QUEEN 1+1 (Sıfır) BOŞ Yüksek Kat Şehir Manzara,1+1,SİNPAŞ
5,1236427264,Cumhuriyet Mah.,"22,400,000 TL",SİNPAŞ QUEEN BOMONTİ AÇIK MUTFAK KÖŞE VATANDAŞLIĞA UYGUN!!!,1+1,SİNPAŞ
6,1211191072,Cumhuriyet Mah.,"14,150,000 TL",SİNPAŞ QUEEN KÖŞE KAPALI MUTFAK ŞOK FİYAT BOŞ KİRACISIZ 1+1,1+1,SİNPAŞ
7,1230232031,Cumhuriyet Mah.,"14,900,000 TL",ANTHILL RESIDENCE 2+1 SATILIK BOŞ DAİRE,2+1,Anthill
8,1241676043,Cumhuriyet Mah.,"17,500,000 TL",SİNPAŞ QUEEN YÜKSEK KAT EŞYALI SATILIK 1+1 BOĞAZ MANZARALI,1+1,SİNPAŞ
9,1241506636,Cumhuriyet Mah.,"13,800,000 TL",EN UYGUN BÜYÜK TİP 1+1 / SIFIR DAİRE,1+1,
10,1236048047,Cumhuriyet Mah.,"18,380,000 TL",ANTHİLL RESIDENCE ARA KATTA ŞAHANE MANZARALI KÖŞE SATILIK 2+1,2+1,Anthill
11,1241879654,Cumhuriyet Mah.,"21,000,000 TL","Anthill 19,kat 2+1 manzaralı",2+1,Anthill
12,1243890539,Cumhuriyet Mah.,"14,200,000 TL",ANTHİLL RESİDENCE BOMONTİ 2+1 TEK BANYOLU BOŞ FIRSAT SATILIK,2+1,Anthill
13,1235549305,Cumhuriyet Mah.,"11,000,000 TL",Divan Residence Satılık,1+1,Divan
14,1243817373,Cumhuriyet Mah.,"10,500,000 TL",ANTHİLL RESİDENCE BOMONTİ 1+1 KÖŞE FIRSAT SATILIK DAİRE,1+1,Anthill
15,1204220530,Cumhuriyet Mah.,"16,850,000 TL",SİNPAŞ QUEEN 1+1 KÖŞE 106 M2 BOŞ DAİRE-BOMONTİ,1+1,SİNPAŞ
16,1235961197,Cumhuriyet Mah.,"8,250,000 TL",Sinpaş queen 1+0 48m2 Yüksek Kat BOŞ Satılık فروشی For Sale,Studio Flat (1+0),SİNPAŞ
17,1235532640,Cumhuriyet Mah.,"14,200,000 TL",ANTHİLL BOMONTİ 2+1 2 BANYOLU BOŞ SATILIK DAİRE -ŞİŞLİ- DİVAN,2+1,Anthill
18,1235959623,Cumhuriyet Mah.,"13,850,000 TL",Sinpaş QUEEN 1+1 Yüksek K. K.Mutfak Köşe BOŞ Satılık - Şişli,1+1,SİNPAŞ
19,1207200599,Cumhuriyet Mah.,"14,550,000 TL",SİNPAŞ QUEEN 2+1 BALKONLU FIRSAT DAİRE-BOMONTİ,2+1,SİNPAŞ
20,1233155645,Cumhuriyet Mah.,"14,000,000 TL",Şişli queen bomonti 1+1 kapalı mutfak,1+1,SİNPAŞ
21,1236904614,Cumhuriyet Mah.,"15,500,000 TL",THE HOUSE RESİDENCE 1+1 FIRSAT EN İYİ FIYAT-BOMONTİ,1+1,
22,1225231146,Cumhuriyet Mah.,"25,000,000 TL",SİNPAŞ QUEEN 2+1 CİTİZEN UYGUN YÜKSEK KAT FIRSAT DAİRE-BOMONTİ,2+1,SİNPAŞ
23,1194867903,Cumhuriyet Mah.,"17,000,000 TL",SİNPAŞ QUEEN CENTRAL PARK 1+1 FIRSAT DAİRE,1+1,SİNPAŞ
24,1241917775,Cumhuriyet Mah.,"16,750,000 TL",BOMONTİ ANTHİLL RESİDENCE 2+1 SATILIK FIRSAT DAİRE,2+1,Anthill
25,1231795133,Cumhuriyet Mah.,"12,000,000 TL",BOMONTİ DİVAN RESİDENCE 1+1 GÜNCEL SATILIK DAİRE,1+1,Divan
26,1242242304,Cumhuriyet Mah.,"13,800,000 TL",Satılık Yüksek Kat 1+1 Çift Banyolu,1+1,
27,1212411720,Cumhuriyet Mah.,"16,500,000 TL","SİNPAŞ 2+1,,KÖŞE, BALKONLU, BOŞ FIRSAT DAİRE-BOMONTİ",2+1,SİNPAŞ
28,1113403047,Cumhuriyet Mah.,"17,000,000 TL",Sinpaş Queen Bomonti'de Satılık 1+1 Vatandaşlığa Uygun Daire,1+1,SİNPAŞ
29,1218363185,Cumhuriyet Mah.,"9,900,000 TL",ANTHİLL RESİDENCE BOMONTİ 1+1 SATILIK BOŞ DAİRE - ŞİŞLİ,1+1,Anthill
30,1177524942,Cumhuriyet Mah.,"14,250,000 TL",Anthill Residence Satılık 2+1 Balkonlu Ebeveyn Banyolu Daire,2+1,Anthill
31,1222963125,Cumhuriyet Mah.,"9,990,000 TL",DİVAN 1+1 EŞYALI FIRSAT SATILIK DAİRE-BOMONTİ-SİNPAŞ YANI,1+1,SİNPAŞ
32,1142658914,Cumhuriyet Mah.,"17,750,000 TL",Sinpaş Queen Bomonti is Available for Sale for Citizenship,1+1,SİNPAŞ
33,1142656787,Cumhuriyet Mah.,"19,500,000 TL","Sinpaş Queen Bomonti Penthouse Citizenship 1+1 Anthill,By Rotana",1+1,SİNPAŞ
34,1181947408,Cumhuriyet Mah.,"18,000,000 TL",Sinpaş Queen Bomonti Boğaz Manzaralı 1+1 Citizenship Satılık,1+1,SİNPAŞ
35,1241644682,Cumhuriyet Mah.,"14,800,000 TL",SİNPAŞIN EN UYGUN 2+1 DAİRESİ (TEK YETKİLİ),2+1,SİNPAŞ
